group,axis,value,description
CoMD,alg,2.189873417721519,1=spr 2=pak 3=rand
CoMD,bw_level,3.0018083182640143, watts
CoMD,node_count,2.135623869801085,1=512 2=1024 3=2048 4=4096
CoMD,power_cap,1.9981916817359855,1=64 2=80 3=115
CoMD, runtime,4.1605338517179025, millisecs 
CoMD,thread_count,2.1103074141048825, 1=16 2=20 3=24