group,axis,value,description
kripke,alg,2.191335740072202,1=spr 2=pak 3=rand
kripke,bw_level,3.003610108303249, watts
kripke,node_count,2.137184115523466,1=512 2=1024 3=2048 4=4096
kripke,power_cap,1.9981949458483754, 1=64 2=80 3=115
kripke, runtime, 2.8294041371841154, millisecs 
kripke,thread_count,2.1101083032490973, 1=16 2=20 3=24