group,axis,value,description
lu,alg,2.191335740072202,1=spr 2=pak 3=rand
lu,bw_level,3.003610108303249, watts
lu,node_count,2.137184115523466,1=512 2=1024 3=2048 4=4096
lu,power_cap,1.9981949458483754,1=64 2=80 3=115
lu, runtime,4.310120938628159, millisecs 
lu,thread_count,2.1101083032490973, 1=16 2=20 3=24